{
  "timestamp": "2026-01-06T09:35:16.688Z",
  "config": {
    "days": 2,
    "warmupHours": 24,
    "sampleInterval": 300
  },
  "thresholds": {
    "strict": 0.02,
    "practical": 0.05
  },
  "baseline": 1,
  "results": [
    {
      "type": "result",
      "dt": 1,
      "elapsed": "701.0",
      "steps": 172800,
      "truckHoursLostPerDay": 40771.96161190389,
      "throughputKgPerHour": 2764875,
      "truckHoursLostRate_mean": 1279.7353520382549,
      "peakLossRate": 2425.6451662809995,
      "violations": 289,
      "final": {
        "t": 172800,
        "injectedKg": 61659000,
        "exitedKg": 66357000,
        "activeParticles": 6104,
        "truckHoursLost": 40771.96161190389,
        "truckHoursLostRate": 2422.8116071375553,
        "truckHoursLostCongestion": 40372.391982274785,
        "truckHoursLostLotWait": 0,
        "truckHoursLostBridgeQueue": 399.5696296293988,
        "stallTonHours": 917399.505000097,
        "sinkQueueCount": 92,
        "cbpLanesInUse": 14,
        "lotExclusions": 32,
        "cbpCompletions": 7373,
        "exitedKgPerHour": 1512000,
        "truckHoursLostPerHour": 2422.6818247178744,
        "lotFillRatios": [
          0.4656623497574636,
          0.5505882352941176,
          0.3832258188137361,
          0.5566153632071014,
          0.5511724137931034,
          0.5502857142857143,
          0,
          0.432,
          0.55296,
          0.5517623543856494,
          0,
          0,
          0,
          0,
          0,
          0,
          0,
          0,
          0,
          0,
          0.4022068826825213,
          0,
          0,
          0.156,
          0.5524615172130186,
          0,
          0.5533483270415355,
          0,
          0,
          0.4319999908085108,
          0.5529599889408002,
          0,
          0,
          0,
          0.5554285912653069,
          0,
          0,
          0.4946086956521739,
          0.04049999873437504,
          0,
          0,
          0,
          0,
          0,
          0,
          0.5531707182153484,
          0.46655999066880016,
          0,
          0,
          0,
          0.2798181754586778,
          0.5500620981351032,
          0.43768419900831057,
          0.05684210645983382,
          0,
          0,
          0,
          0.5522474112938678,
          0,
          0,
          0.31788680444855866,
          0.4230927747815923,
          0.5345084926952032,
          0.5169230769230769,
          0.5596363509173556,
          0.5505882352941176,
          0.5502315905311914,
          0,
          0,
          0,
          0,
          0,
          0,
          0,
          0,
          0,
          0,
          0,
          0,
          0,
          0.5532631578947368,
          0,
          0,
          0.5503184853584328,
          0,
          0,
          0.552705898608997,
          0,
          0
        ],
        "totalLotCapacityKg": 139750000.234375
      }
    }
  ],
  "recommendation": "dt=1",
  "totalElapsedSeconds": 715.4
}