{
  "validation_timestamp": "2025-12-24T01:33:40.120428",
  "total_export_volume_tons": 56580655.155999996,
  "total_import_volume_tons": 56577123.903,
  "total_states_analyzed": 32,
  "total_commodities_analyzed": 97,
  "top_states_analysis": {
    "Nuevo Leon": {
      "rank": 1,
      "total_tons": 5941004.584656754,
      "share_percent": 10.50006326062619,
      "total_kg": 5941004584.656754
    },
    "Chihuahua": {
      "rank": 2,
      "total_tons": 5677870.699163388,
      "share_percent": 10.035003453934536,
      "total_kg": 5677870699.163388
    },
    "Coahuila": {
      "rank": 3,
      "total_tons": 5327321.859379011,
      "share_percent": 9.415447461134754,
      "total_kg": 5327321859.379011
    },
    "Baja California": {
      "rank": 4,
      "total_tons": 5034322.24490472,
      "share_percent": 8.897603308099669,
      "total_kg": 5034322244.90472
    },
    "Sonora": {
      "rank": 5,
      "total_tons": 4271849.452414738,
      "share_percent": 7.550017652918141,
      "total_kg": 4271849452.4147377
    },
    "Jalisco": {
      "rank": 6,
      "total_tons": 4089874.51519787,
      "share_percent": 7.228397239165171,
      "total_kg": 4089874515.19787
    },
    "Michoacan": {
      "rank": 7,
      "total_tons": 3193108.317237869,
      "share_percent": 5.643462961738543,
      "total_kg": 3193108317.237869
    },
    "Tamaulipas": {
      "rank": 8,
      "total_tons": 3172043.488108787,
      "share_percent": 5.606233224700322,
      "total_kg": 3172043488.108787
    },
    "Guanajuato": {
      "rank": 9,
      "total_tons": 3078117.8285405673,
      "share_percent": 5.44023009287151,
      "total_kg": 3078117828.5405674
    },
    "Estado de Mexico": {
      "rank": 10,
      "total_tons": 2530568.9896509233,
      "share_percent": 4.472498564524971,
      "total_kg": 2530568989.6509233
    }
  },
  "commodity_analysis": {
    "87": {
      "rank": 1,
      "total_tons": 7546198.5,
      "share_percent": 13.337064548288069,
      "description": "Vehicles and automotive parts"
    },
    "07": {
      "rank": 2,
      "total_tons": 6915295.700000001,
      "share_percent": 12.222014186533647,
      "description": "Edible vegetables and roots"
    },
    "84": {
      "rank": 3,
      "total_tons": 5029369.3,
      "share_percent": 8.888849530167855,
      "description": "Nuclear reactors, boilers, machinery"
    },
    "08": {
      "rank": 4,
      "total_tons": 4682364.4,
      "share_percent": 8.275557055834952,
      "description": "Edible fruit and nuts"
    },
    "85": {
      "rank": 5,
      "total_tons": 4490334.0,
      "share_percent": 7.936164732662751,
      "description": "Electrical machinery and equipment"
    },
    "25": {
      "rank": 6,
      "total_tons": 4234076.0,
      "share_percent": 7.483257287011116,
      "description": "Unknown commodity"
    },
    "22": {
      "rank": 7,
      "total_tons": 3137344.500000001,
      "share_percent": 5.544906631692311,
      "description": "Unknown commodity"
    },
    "39": {
      "rank": 8,
      "total_tons": 1808142.1,
      "share_percent": 3.195689578027551,
      "description": "Plastics and articles thereof"
    },
    "73": {
      "rank": 9,
      "total_tons": 1759473.8999999997,
      "share_percent": 3.1096739603825876,
      "description": "Articles of iron or steel"
    },
    "94": {
      "rank": 10,
      "total_tons": 1539245.0,
      "share_percent": 2.7204439322169525,
      "description": "Furniture, bedding, lamps"
    }
  },
  "mexican_origin_analysis": {
    "top_cities": {
      "Monterrey": {
        "rank": 1,
        "total_tons": 5941004.5846567545,
        "share_percent": 10.500063260626193,
        "total_kg": 5941004584.6567545
      },
      "Saltillo": {
        "rank": 2,
        "total_tons": 5327321.859379011,
        "share_percent": 9.415447461134754,
        "total_kg": 5327321859.379011
      },
      "Tijuana": {
        "rank": 3,
        "total_tons": 5034322.244904721,
        "share_percent": 8.897603308099669,
        "total_kg": 5034322244.904721
      },
      "Hermosillo": {
        "rank": 4,
        "total_tons": 4271849.452414738,
        "share_percent": 7.550017652918141,
        "total_kg": 4271849452.4147377
      },
      "Ciudad Juarez": {
        "rank": 5,
        "total_tons": 3974509.489414371,
        "share_percent": 7.0245024177541735,
        "total_kg": 3974509489.414371
      },
      "Morelia": {
        "rank": 6,
        "total_tons": 3193108.3172378666,
        "share_percent": 5.643462961738539,
        "total_kg": 3193108317.2378664
      },
      "Guadalajara": {
        "rank": 7,
        "total_tons": 2862912.160638509,
        "share_percent": 5.05987806741562,
        "total_kg": 2862912160.638509
      },
      "Reynosa": {
        "rank": 8,
        "total_tons": 1903226.0928652722,
        "share_percent": 3.363739934820193,
        "total_kg": 1903226092.8652723
      },
      "Chihuahua": {
        "rank": 9,
        "total_tons": 1703361.209749017,
        "share_percent": 3.0105010361803615,
        "total_kg": 1703361209.749017
      },
      "San Luis Potosi": {
        "rank": 10,
        "total_tons": 1584778.0466027134,
        "share_percent": 2.80091851575999,
        "total_kg": 1584778046.6027133
      }
    }
  },
  "us_destination_analysis": {
    "top_states": {
      "Texas": {
        "rank": 1,
        "total_tons": 21884646.318878043,
        "share_percent": 38.68108664625423,
        "total_kg": 21884646318.878044
      },
      "California": {
        "rank": 2,
        "total_tons": 8512595.086140124,
        "share_percent": 15.04600180937926,
        "total_kg": 8512595086.140124
      },
      "Arizona": {
        "rank": 3,
        "total_tons": 3900947.9063916937,
        "share_percent": 6.894920839524763,
        "total_kg": 3900947906.3916936
      },
      "Michigan": {
        "rank": 4,
        "total_tons": 3551200.890224153,
        "share_percent": 6.276743399527686,
        "total_kg": 3551200890.224153
      },
      "Illinois": {
        "rank": 5,
        "total_tons": 2873935.9532683482,
        "share_percent": 5.079678419489185,
        "total_kg": 2873935953.268348
      },
      "Georgia": {
        "rank": 6,
        "total_tons": 2268046.7005865253,
        "share_percent": 4.008769877512742,
        "total_kg": 2268046700.5865254
      },
      "Kentucky": {
        "rank": 7,
        "total_tons": 1278747.8089285477,
        "share_percent": 2.2601852492907333,
        "total_kg": 1278747808.9285476
      },
      "Ohio": {
        "rank": 8,
        "total_tons": 1154687.072763652,
        "share_percent": 2.040908043935448,
        "total_kg": 1154687072.763652
      },
      "Florida": {
        "rank": 9,
        "total_tons": 954151.2017679762,
        "share_percent": 1.6864611276526595,
        "total_kg": 954151201.7679762
      },
      "North Carolina": {
        "rank": 10,
        "total_tons": 854812.380454465,
        "share_percent": 1.5108798777400183,
        "total_kg": 854812380.454465
      }
    },
    "top_cities": {
      "Dallas": {
        "rank": 1,
        "total_tons": 3605164.0308929905,
        "share_percent": 7.380282858223201,
        "total_kg": 3605164030.8929906
      },
      "Newark": {
        "rank": 2,
        "total_tons": 3049782.233959191,
        "share_percent": 6.243337432007896,
        "total_kg": 3049782233.959191
      },
      "Houston": {
        "rank": 3,
        "total_tons": 2650020.3658884014,
        "share_percent": 5.424968104839352,
        "total_kg": 2650020365.8884015
      },
      "San Francisco": {
        "rank": 4,
        "total_tons": 2463956.5988735226,
        "share_percent": 5.044069144772837,
        "total_kg": 2463956598.8735228
      },
      "Rio Grande Valley": {
        "rank": 5,
        "total_tons": 2286854.1552221286,
        "share_percent": 4.681515286521325,
        "total_kg": 2286854155.2221284
      },